source,title,url,location,location_is_guess,first_seen_date,last_seen_date,is_active
ardis,Junior Project & Service Engineer,https://www.ardis.eu/nl-BE/vacancies/junior-technical-consultant,,False,2026-03-10,2026-03-13,True
ardis,Product Manager,https://www.ardis.eu/nl-BE/vacancies/product-manager,,False,2026-03-10,2026-03-13,True
ardis,Project & Service Engineer,https://www.ardis.eu/nl-BE/vacancies/technical-consultant,,False,2026-03-10,2026-03-13,True
ardis,Software Developer,https://www.ardis.eu/nl-BE/vacancies/software-developer-business-platform,,False,2026-03-10,2026-03-13,True
astrid,ASC System Specialist,https://jobs.astrid.be/job/ASC-System-Specialist/1343371555/,Brussel,False,2026-03-09,2026-03-13,True
astrid,PMO Officer,https://jobs.astrid.be/job/PMO-Officer/1331903255/,Brussel,False,2026-03-09,2026-03-13,True
astrid,Product & Services Manager - Mobile Communication,https://jobs.astrid.be/job/Product-&-Services-Manager-Mobile-Communication/1337304155/,Brussel,False,2026-03-09,2026-03-13,True
battmobility,Java Software Engineer (Backend / Full Stack),https://battmobility.be/careers#java-software-engineer-backend-full-stack,Gent,False,2026-03-10,2026-03-13,True
battmobility,Technical Architect (Java & Cloud),https://battmobility.be/careers#technical-architect-java-en-cloud,Gent,False,2026-03-10,2026-03-13,True
bizztalent,Bizztalent zkt. enthousiaste 1st line Support Engineer,https://www.bizztalent.be/vacatures/bizztalent-zkt-enthousiaste-1st-line-support-engineer,,False,2026-03-10,2026-03-13,True
bizztalent,Bizztalent zkt. gedreven (freelance) Network/Security Engineer,https://www.bizztalent.be/vacatures/gedreven-freelance-network-security-engineer,,False,2026-03-10,2026-03-13,True
bizztalent,Bizztalent zkt. gemotiveerde 2nd Line/Onsite Support Engineer,https://www.bizztalent.be/vacatures/bizztalent-zkt-gemotiveerde-2nd-line-onsite-support-engineer,,False,2026-03-10,2026-03-13,True
bizztalent,Bizztalent zkt. gemotiveerde System Admin !,https://www.bizztalent.be/vacatures/gemotiveerde-system-admin,,False,2026-03-10,2026-03-13,True
bizztalent,Bizztalent zkt. toegewijde (freelance) S ystem Engineer,https://www.bizztalent.be/vacatures/bizztalent-zkt-toegewijde-freelance-system-engineer,,False,2026-03-10,2026-03-13,True
bx1,BX1 recherche: Ingénieur Système IT,https://bx1.be/annonce/bx1-recherche-ingenieur-systeme-it/,,False,2026-03-11,2026-03-11,True
cheops,Cloud Engineer,https://www.cheops.com/jobs/cloud-engineer-cheops/?gh_jid=4409627002,,False,2026-03-09,2026-03-13,True
cheops,Data Engineer,https://www.cheops.com/jobs/data-engineer/?gh_jid=8174509002,,False,2026-03-09,2026-03-13,True
cheops,Functioneel Analist,https://www.cheops.com/jobs/functioneel-analist/?gh_jid=5454674002,,False,2026-03-09,2026-03-13,True
cheops,Network Engineer,https://www.cheops.com/jobs/network-engineer/?gh_jid=4409662002,,False,2026-03-09,2026-03-13,True
cheops,Security Engineer,https://www.cheops.com/jobs/security-engineer/?gh_jid=5041460002,,False,2026-03-09,2026-03-13,True
cheops,Senior .NET Developer,https://www.cheops.com/jobs/senior-net-developer/?gh_jid=4409621002,,False,2026-03-09,2026-03-13,True
cheops,Service Delivery Manager,https://www.cheops.com/jobs/service-delivery-manager-sdm-2/?gh_jid=4519478002,,False,2026-03-09,2026-03-13,True
cheops,Service Delivery Manager,https://www.cheops.com/jobs/service-delivery-manager-sdm/?gh_jid=4519478002,,False,2026-03-09,2026-03-13,True
cheops,Support Engineer,https://www.cheops.com/jobs/support-engineer-cheops/?gh_jid=4362741002,,False,2026-03-09,2026-03-13,True
cheops,System Administrator,https://www.cheops.com/jobs/system-administrator/?gh_jid=4405175002,,False,2026-03-09,2026-03-13,True
cheops,Workplace Engineer,https://www.cheops.com/jobs/workplace-engineer/?gh_jid=4405198002,,False,2026-03-09,2026-03-13,True
cobral,Infrastructure Engineer,https://www.cobral.be/jobs/infrastructure-engineer/,,False,2026-03-09,2026-03-13,True
cobral,Microsoft 365 Solution Architect,https://www.cobral.be/jobs/microsoft-365-solution-architect/,,False,2026-03-09,2026-03-13,True
cobral,Service Desk Engineer - First Line,https://www.cobral.be/jobs/team-service-desk-engineer/,,False,2026-03-09,2026-03-13,True
cobral,Service Desk Engineer - Second line,https://www.cobral.be/jobs/service-desk-engineer-second-line/,,False,2026-03-09,2026-03-13,True
cobral,VoIP Engineer,https://www.cobral.be/jobs/voip-engineer/,,False,2026-03-09,2026-03-13,True
colruytgroup,Business Architect,https://jobs.colruytgroup.com/nl/vacatures/business-architect,,False,2026-03-10,2026-03-13,True
colruytgroup,Business Architect B2B CRM,https://jobs.colruytgroup.com/nl/vacatures/business-architect-b2b-crm,,False,2026-03-10,2026-03-13,True
colruytgroup,Digital Analytics Developer,https://jobs.colruytgroup.com/nl/vacatures/digital-analytics-developer,,False,2026-03-10,2026-03-13,True
colruytgroup,Frontend developer (Angular),https://jobs.colruytgroup.com/nl/vacatures/frontend-developer-angular,,False,2026-03-10,2026-03-13,True
colruytgroup,Functioneel Analist,https://jobs.colruytgroup.com/nl/vacatures/functioneel-analist,,False,2026-03-10,2026-03-13,True
colruytgroup,IT Architect,https://jobs.colruytgroup.com/nl/vacatures/it-architect,,False,2026-03-10,2026-03-13,True
colruytgroup,IT Architect B2B CRM,https://jobs.colruytgroup.com/nl/vacatures/it-architect-b2b-crm,,False,2026-03-10,2026-03-13,True
colruytgroup,IT Architect Digital Workplace Solutions,https://jobs.colruytgroup.com/nl/vacatures/it-architect-digital-workplace-solutions,,False,2026-03-10,2026-03-13,True
colruytgroup,IT Security Architect,https://jobs.colruytgroup.com/nl/vacatures/it-security-architect,,False,2026-03-10,2026-03-13,True
colruytgroup,Junior functioneel analist,https://jobs.colruytgroup.com/nl/vacatures/junior-functioneel-analist,,False,2026-03-10,2026-03-13,True
colruytgroup,Lead Software Engineer Mainframe Supply Chain,https://jobs.colruytgroup.com/nl/vacatures/lead-software-engineer-mainframe-supply-chain,,False,2026-03-10,2026-03-13,True
colruytgroup,Project Management Trainer,https://jobs.colruytgroup.com/nl/vacatures/project-management-trainer,,False,2026-03-10,2026-03-13,True
colruytgroup,Traineeship IT Analyse,https://jobs.colruytgroup.com/nl/vacatures/traineeship-it-analyse,,False,2026-03-10,2026-03-13,True
crelan,Business Analysis & Applications Specialist,https://www.crelan.be/nl/jobs/functie/business-analysis-applications-specialist,,False,2026-03-11,2026-03-13,True
crelan,Head of Enterprise IT Architecture,https://www.crelan.be/nl/particulieren/functie/head-enterprise-it-architecture,,False,2026-03-11,2026-03-13,True
crelan,IT auditor,https://www.crelan.be/nl/particulieren/functie/it-auditor,,False,2026-03-11,2026-03-13,True
crelan,IT security expert,https://www.crelan.be/nl/particulieren/functie/it-security-expert,,False,2026-03-11,2026-03-13,True
crelan,IT security officer (Security operations),https://www.crelan.be/nl/jobs/functie/it-security-officer-security-operations,,False,2026-03-11,2026-03-13,True
crelan,IT security senior expert,https://www.crelan.be/nl/particulieren/functie/it-security-senior-expert,,False,2026-03-11,2026-03-13,True
crelan,Senior analist - Team mobile,https://www.crelan.be/nl/particulieren/functie/senior-analist-team-mobile,,False,2026-03-11,2026-03-13,True
district09,Technology architect SAP / Tech Lead,https://district09.gent/nl/vacatures/technology-architect-sap-tech-lead,Gent,False,2026-03-10,2026-03-13,True
equalminds,Functional Analyst,https://equalminds.eu/career/functional-analyst/,,False,2026-03-09,2026-03-13,True
evara,Ploegbaas groenaanleg en onderhoud | Genk,https://evara.be/jobs/ploegbaas-groenaanleg-en-onderhoud-genk-1,Genk,False,2026-03-13,2026-03-13,True
evara,Systeembeheerder,https://evara.be/jobs/systeembeheerder-1,Bierbeek,False,2026-03-10,2026-03-13,True
fluxys,C# .NET Software Developer,https://careers.fluxys.com/jobs/1439?lang=en-us,Cambridge,False,2026-03-10,2026-03-13,True
fluxys,Cloud Engineer,https://careers.fluxys.com/jobs/1455?lang=en-us,,False,2026-03-10,2026-03-13,True
fluxys,Developer,https://careers.fluxys.com/jobs/1474?lang=en-us,Lisbon,False,2026-03-10,2026-03-13,True
fluxys,Dispatching Manager,https://careers.fluxys.com/jobs/1480?lang=en-us,Brussels,False,2026-03-13,2026-03-13,True
harveynash,CI/CD Engineer,https://www.harveynash.be/jobs/296986-CICD-Engineer,Brussels,False,2026-03-03,2026-03-13,True
harveynash,Splunk developer,https://www.harveynash.be/jobs/297072-Splunk-developer-,Belgium,False,2026-03-11,2026-03-13,True
infrabel,Application Specialist ICT,https://jobs.infrabel.be/job/Application-Specialist-ICT/35501-nl_NL/,Anderlecht,False,2026-03-11,2026-03-16,True
infrabel,BIM-coördinator,https://jobs.infrabel.be/job/BIM-co%C3%B6rdinator/35459-nl_NL/,Gent,False,2026-03-13,2026-03-16,True
infrabel,Business Investment Case Specialist,https://jobs.infrabel.be/job/Business-Investment-Case-Specialist/34846-nl_NL/,Sint-Gillis,False,2025-11-04,2026-03-16,False
infrabel,Category Manager ICT Software,https://jobs.infrabel.be/job/Category-Manager-ICT-Software/35315-nl_NL/,Sint-Gillis,False,2026-01-28,2026-03-16,True
infrabel,Data Engineer ICT,https://jobs.infrabel.be/job/Data-Engineer-ICT/34839-nl_NL/,Anderlecht,False,2026-03-09,2026-03-16,True
infrabel,Functional Analyst ICT Signalling Design Platform,https://jobs.infrabel.be/job/Functional-Analyst-ICT-Signalling-Design-Platform/35377-nl_NL/,Anderlecht,False,2026-02-04,2026-03-16,False
infrabel,Ingenieur Onderhoud Sporen en Wissels,https://jobs.infrabel.be/job/Ingenieur-Onderhoud-Sporen-en-Wissels/35189-nl_NL/,Berchem,False,2026-01-26,2026-03-16,True
infrabel,Junior Data Analyst in het kader van het programma ICT Traineeship,https://jobs.infrabel.be/job/Junior-Data-Analyst-in-het-kader-van-het-programma-ICT-Traineeship/35491-nl_NL/,Anderlecht,False,2026-03-06,2026-03-16,True
infrabel,Junior Functional Analyst in het kader van het programma ICT Traineeship,https://jobs.infrabel.be/job/Junior-Functional-Analyst-in-het-kader-van-het-programma-ICT-Traineeship/35489-nl_NL/,Anderlecht,False,2026-03-06,2026-03-16,True
infrabel,Product Management Specialist,https://jobs.infrabel.be/job/Product-Management-Specialist/35486-nl_NL/,Sint-Gillis,False,2026-03-13,2026-03-16,True
infrabel,Program Manager ICT ERP Integration,https://jobs.infrabel.be/job/Program-Manager-ICT-ERP-Integration/35502-nl_NL/,Anderlecht,False,2026-03-12,2026-03-16,True
infrabel,Project Leader ICT Housing & Power Supply,https://jobs.infrabel.be/job/Project-Leader-ICT-Housing-&-Power-Supply/35132-nl_NL/,Anderlecht,False,2026-01-29,2026-03-16,True
infrabel,Project Leader ICT Signalling Design Platform,https://jobs.infrabel.be/job/Project-Leader-ICT-Signalling-Design-Platform/35376-nl_NL/,Anderlecht,False,2026-02-04,2026-03-16,False
infrabel,Project Leader IT,https://jobs.infrabel.be/job/Project-Leader-IT/30135-nl_NL/,Anderlecht,False,2025-06-13,2026-03-16,True
infrabel,Projectleider Infrastructuur,https://jobs.infrabel.be/job/Projectleider-Infrastructuur/35493-nl_NL/,,False,2026-03-06,2026-03-16,False
infrabel,System Specialist ICT Workplace as a Service,https://jobs.infrabel.be/job/System-Specialist-ICT-Workplace-as-a-Service/34649-nl_NL/,Sint-Gillis,False,2026-02-10,2026-03-16,False
infrabel,Team Lead Cybersecurity,https://jobs.infrabel.be/job/Team-Lead-Cybersecurity/34173-nl_NL/,Anderlecht,False,2025-10-31,2026-03-16,True
infrabel,Team Lead ERP Development & Mobile Platform,https://jobs.infrabel.be/job/Team-Lead-ERP-Development-&-Mobile-Platform/35071-nl_NL/,Anderlecht,False,2025-12-16,2026-03-16,True
infrabel,Team Leader IT - Capacity Management,https://jobs.infrabel.be/job/Team-Leader-IT-Capacity-Management/32993-nl_NL/,Anderlecht,False,2025-10-17,2026-03-16,False
infrabel_ict,Data Engineer ICT,https://jobs.infrabel.be/job/Data-Engineer-ICT/34839-nl_NL/,,False,2026-03-09,2026-03-10,True
infrabel_ict,Functional Analyst ICT Signalling Design Platform,https://jobs.infrabel.be/job/Functional-Analyst-ICT-Signalling-Design-Platform/35377-nl_NL/,,False,2026-02-04,2026-03-10,True
infrabel_ict,Project Leader ICT Housing & Power Supply,https://jobs.infrabel.be/job/Project-Leader-ICT-Housing-&-Power-Supply/35132-nl_NL/,,False,2026-01-29,2026-03-10,True
infrabel_ict,Project Leader ICT Signalling Design Platform,https://jobs.infrabel.be/job/Project-Leader-ICT-Signalling-Design-Platform/35376-nl_NL/,,False,2026-02-04,2026-03-10,True
infrabel_ict,Project Leader IT,https://jobs.infrabel.be/job/Project-Leader-IT/30135-nl_NL/,,False,2025-06-13,2026-03-10,True
infrabel_ict,Team Lead Cybersecurity,https://jobs.infrabel.be/job/Team-Lead-Cybersecurity/34173-nl_NL/,,False,2025-10-31,2026-03-10,True
infrabel_ict,Team Lead ERP Development & Mobile Platform,https://jobs.infrabel.be/job/Team-Lead-ERP-Development-&-Mobile-Platform/35071-nl_NL/,,False,2025-12-16,2026-03-10,True
infrabel_ict,Team Leader IT - Capacity Management,https://jobs.infrabel.be/job/Team-Leader-IT-Capacity-Management/32993-nl_NL/,,False,2025-10-17,2026-03-10,True
itprovider,Senior System Engineer - Netwerk,https://axi.recruitee.com/o/senior-system-engineer-netwerk,,False,2026-03-10,2026-03-12,False
itprovider,Support Engineer,https://axi.recruitee.com/o/support-engineer,,False,2026-03-10,2026-03-12,False
itprovider,Support Engineer,https://axi.recruitee.com/o/support-engineer-3,,False,2026-03-10,2026-03-12,False
itsgroup,Administrateur Base de Données H/F,https://carriere.itsgroup.fr/2938/detail_annonce.php,Lyon,False,2025-12-23,2026-03-17,True
itsgroup,Administrateur bases de données (H/F),https://carriere.itsgroup.fr/2283/detail_annonce.php,Montpellier,False,2025-12-23,2026-03-17,True
itsgroup,Architecte Cloud AWS (H/F),https://carriere.itsgroup.fr/3315/detail_annonce.php,Bordeaux,False,2025-12-22,2026-03-17,True
itsgroup,Architecte Data Cloud,https://carriere.itsgroup.fr/3395/detail_annonce.php,Lille,False,2026-02-12,2026-03-17,True
itsgroup,Architecte Réseau et Sécurité (H/F),https://carriere.itsgroup.fr/3392/detail_annonce.php,Boulogne-Billancourt,False,2026-02-10,2026-03-17,True
itsgroup,Architecte Solutions Avant-Vente H/F,https://carriere.itsgroup.fr/3443/detail_annonce.php,Boulogne-Billancourt,False,2026-02-25,2026-03-17,True
itsgroup,Citrix System Engineer - Group Server Team Windows,https://carriere.itsgroup.fr/3459/detail_annonce.php,Bruxelles,False,2026-03-09,2026-03-17,True
itsgroup,Cloud Engineering Service,https://carriere.itsgroup.fr/3391/detail_annonce.php,Bruxelles,False,2026-03-02,2026-03-17,True
itsgroup,Configuration Engineer,https://carriere.itsgroup.fr/3304/detail_annonce.php,,False,2026-01-05,2026-03-12,False
itsgroup,Configuration Engineer,https://carriere.itsgroup.fr/3394/detail_annonce.php,,False,2026-02-11,2026-03-12,False
itsgroup,Configuration Engineer,https://carriere.itsgroup.fr/3447/detail_annonce.php,,False,2026-03-02,2026-03-12,False
itsgroup,Configuration Engineer,https://carriere.itsgroup.fr/3448/detail_annonce.php,,False,2026-02-26,2026-03-12,False
itsgroup,Configuration Engineer,https://carriere.itsgroup.fr/3453/detail_annonce.php,Bruxelles,False,2026-03-03,2026-03-17,True
itsgroup,Configuration Engineer,https://carriere.itsgroup.fr/3462/detail_annonce.php,,False,2026-03-11,2026-03-12,False
itsgroup,Coordination sécurité,https://carriere.itsgroup.fr/3428/detail_annonce.php,Paris,False,2026-02-19,2026-03-17,True
itsgroup,DBA MongDB NoSQL,https://carriere.itsgroup.fr/3253/detail_annonce.php,Paris,False,2026-02-25,2026-03-17,True
itsgroup,DBA Oracle et MySQL H/F,https://carriere.itsgroup.fr/2498/detail_annonce.php,Guyancourt,False,2026-01-15,2026-03-17,True
itsgroup,"DBA Oracle, PostgreSQL",https://carriere.itsgroup.fr/3251/detail_annonce.php,Boulogne-Billancourt,False,2026-01-13,2026-03-17,True
itsgroup,DBA SQL Server & Postgres (+ Oracle) - Exp 10 ans minimum,https://carriere.itsgroup.fr/3340/detail_annonce.php,Noisy-le-Grand,False,2026-02-27,2026-03-17,True
itsgroup,Digital Workspace Support Engineer,https://carriere.itsgroup.fr/3464/detail_annonce.php,Diegem,False,2026-03-11,2026-03-17,True
itsgroup,Dynatrace Engineer,https://carriere.itsgroup.fr/3445/detail_annonce.php,Bruxelles,False,2026-03-02,2026-03-17,True
itsgroup,Expert Elastic,https://carriere.itsgroup.fr/1776/detail_annonce.php,Paris,False,2025-11-30,2026-03-17,True
itsgroup,Expert Linux,https://carriere.itsgroup.fr/3364/detail_annonce.php,Guyancourt,False,2026-01-26,2026-03-17,True
itsgroup,Expert Sauvegarde DELL EMC,https://carriere.itsgroup.fr/3342/detail_annonce.php,Guyancourt,False,2026-01-26,2026-03-17,True
itsgroup,Expert Windows/VMware,https://carriere.itsgroup.fr/3363/detail_annonce.php,Guyancourt,False,2026-01-26,2026-03-17,True
itsgroup,Expert infra middleware Cognos BCN8770,https://carriere.itsgroup.fr/3349/detail_annonce.php,Paris,False,2026-01-23,2026-03-17,True
itsgroup,Expert réseaux et sécurité,https://carriere.itsgroup.fr/3025/detail_annonce.php,Guyancourt,False,2025-10-10,2026-03-17,True
itsgroup,Expert(e) Virtualisation Nutanix F/H,https://carriere.itsgroup.fr/3271/detail_annonce.php,Lyon,False,2026-02-23,2026-03-17,True
itsgroup,IAM Analyst/Architect,https://carriere.itsgroup.fr/3446/detail_annonce.php,Bruxelles,False,2026-03-02,2026-03-17,True
itsgroup,IP Network Engineer - Network Architecture,https://carriere.itsgroup.fr/3463/detail_annonce.php,Bruxelles,False,2026-03-11,2026-03-17,True
itsgroup,IT Infrastructure Systems Engineer,https://carriere.itsgroup.fr/3454/detail_annonce.php,Braine-L'alleud,False,2026-03-09,2026-03-17,True
itsgroup,Incident Manager IT H/F,https://carriere.itsgroup.fr/2926/detail_annonce.php,Boulogne-Billancourt,False,2026-03-03,2026-03-17,True
itsgroup,Infrastructure Engineer,https://carriere.itsgroup.fr/3465/detail_annonce.php,Bruxelles,False,2026-03-12,2026-03-17,True
itsgroup,Ingenieur DevOps h/f,https://carriere.itsgroup.fr/3308/detail_annonce.php,Lille,False,2026-01-05,2026-03-17,True
itsgroup,Ingenieur DevOps h/f,https://carriere.itsgroup.fr/3309/detail_annonce.php,Strasbourg,False,2026-01-05,2026-03-17,True
itsgroup,Ingénieur Cloud (H/F),https://carriere.itsgroup.fr/3316/detail_annonce.php,Bordeaux,False,2025-12-22,2026-03-17,True
itsgroup,Ingénieur Cloud DevOps expérimenté – Secteur Bancaire (BPM044552),https://carriere.itsgroup.fr/3450/detail_annonce.php,Guyancourt,False,2026-03-03,2026-03-17,True
itsgroup,Ingénieur CloudOps Azure Data H/F,https://carriere.itsgroup.fr/3458/detail_annonce.php,Saint-Denis,False,2026-03-09,2026-03-17,True
itsgroup,Ingénieur DevOps,https://carriere.itsgroup.fr/2426/detail_annonce.php,Nantes,False,2025-06-10,2026-03-17,True
itsgroup,Ingénieur DevOps / Plateforme – Orchestration GPU,https://carriere.itsgroup.fr/3440/detail_annonce.php,Guyancourt,False,2026-03-03,2026-03-17,True
itsgroup,Ingénieur DevOps H/F,https://carriere.itsgroup.fr/2614/detail_annonce.php,Paris,False,2026-03-03,2026-03-17,True
itsgroup,Ingénieur DevSecOps H/F,https://carriere.itsgroup.fr/2979/detail_annonce.php,Lyon,False,2026-02-23,2026-03-17,True
itsgroup,Ingénieur Infrastructure H/F,https://carriere.itsgroup.fr/2642/detail_annonce.php,Lyon,False,2026-02-23,2026-03-17,True
itsgroup,Ingénieur Réseau & Sécurité (H/F),https://carriere.itsgroup.fr/3272/detail_annonce.php,Montigny-le-Bretonneux,False,2026-03-10,2026-03-17,True
itsgroup,Ingénieur Réseau N3,https://carriere.itsgroup.fr/3022/detail_annonce.php,Paris,False,2026-03-10,2026-03-17,True
itsgroup,Ingénieur Réseaux (H/F),https://carriere.itsgroup.fr/2290/detail_annonce.php,Bordeaux,False,2025-12-24,2026-03-17,True
itsgroup,Ingénieur Sauvegarde Networker,https://carriere.itsgroup.fr/3004/detail_annonce.php,Guyancourt,False,2026-01-01,2026-03-17,True
itsgroup,Ingénieur Système DevOps (H/F),https://carriere.itsgroup.fr/3116/detail_annonce.php,Boulogne-Billancourt,False,2026-02-11,2026-03-17,True
itsgroup,Ingénieur Système Linux h/f,https://carriere.itsgroup.fr/3307/detail_annonce.php,Lille,False,2026-01-05,2026-03-17,True
itsgroup,Ingénieur Système Windows,https://carriere.itsgroup.fr/3365/detail_annonce.php,Paris,False,2026-01-27,2026-03-17,True
itsgroup,Ingénieur Système Windows h/f,https://carriere.itsgroup.fr/3477/detail_annonce.php,Dunkerque,False,2026-03-17,2026-03-17,True
itsgroup,Ingénieur Sécurité Infrastructure h/f,https://carriere.itsgroup.fr/3302/detail_annonce.php,Lille,False,2026-01-06,2026-03-17,True
itsgroup,Ingénieur de Production / DevOps,https://carriere.itsgroup.fr/2554/detail_annonce.php,Bordeaux,False,2025-12-24,2026-03-17,True
itsgroup,Ingénieur de Production DevOps H/F,https://carriere.itsgroup.fr/2596/detail_annonce.php,Villeurbanne,False,2026-02-23,2026-03-17,True
itsgroup,Ingénieur de Production IT H/F,https://carriere.itsgroup.fr/2678/detail_annonce.php,Montreuil,False,2026-03-03,2026-03-17,True
itsgroup,Ingénieur de production DevOps h/f,https://carriere.itsgroup.fr/3310/detail_annonce.php,Nancy,False,2026-01-05,2026-03-17,True
itsgroup,Ingénieur réseau h/f,https://carriere.itsgroup.fr/3303/detail_annonce.php,Lille,False,2026-01-05,2026-03-17,True
itsgroup,Ingénieur réseau sécurité h/f,https://carriere.itsgroup.fr/3467/detail_annonce.php,Nantes,False,2026-03-13,2026-03-17,True
itsgroup,Ingénieur sécurité réseau,https://carriere.itsgroup.fr/3130/detail_annonce.php,Guyancourt,False,2025-10-09,2026-03-17,True
itsgroup,Ingénieur(e) DevOps H/F,https://carriere.itsgroup.fr/2528/detail_annonce.php,Lyon,False,2026-02-23,2026-03-17,True
itsgroup,Ingénieur(e) Système H/F,https://carriere.itsgroup.fr/2620/detail_annonce.php,Lyon,False,2026-02-23,2026-03-17,True
itsgroup,Ingénieur(e) Système Linux (H/F),https://carriere.itsgroup.fr/2907/detail_annonce.php,Bordeaux,False,2025-12-24,2026-03-17,True
itsgroup,Intégrateur DevOps H/F,https://carriere.itsgroup.fr/2597/detail_annonce.php,Lyon,False,2026-02-23,2026-03-17,True
itsgroup,Junior NOC engineer,https://carriere.itsgroup.fr/3455/detail_annonce.php,Etterbeek,False,2026-03-04,2026-03-17,True
itsgroup,Network & Security Engineer,https://carriere.itsgroup.fr/3461/detail_annonce.php,Bruxelles,False,2026-03-10,2026-03-17,True
itsgroup,Network Security Engineer,https://carriere.itsgroup.fr/3456/detail_annonce.php,Bruxelles,False,2026-03-09,2026-03-17,True
itsgroup,Product Owner / Customer Integration & Deployment,https://carriere.itsgroup.fr/3419/detail_annonce.php,Guyancourt,False,2026-03-03,2026-03-17,True
itsgroup,Senior Database Administrator – Oracle,https://carriere.itsgroup.fr/3393/detail_annonce.php,Charleroi,False,2026-03-02,2026-03-17,True
itsgroup,Service Delivery Manager,https://carriere.itsgroup.fr/3051/detail_annonce.php,Paris,False,2026-02-11,2026-03-17,True
itsgroup,Service Delivery Manager,https://carriere.itsgroup.fr/3332/detail_annonce.php,Guyancourt,False,2026-02-10,2026-03-17,True
itsgroup,Service Delivery Manager IT H/F,https://carriere.itsgroup.fr/2925/detail_annonce.php,Boulogne-Billancourt,False,2026-03-03,2026-03-17,True
itsgroup,Tisa Tester,https://carriere.itsgroup.fr/3457/detail_annonce.php,Bruxelles,False,2026-03-04,2026-03-17,True
itsgroup,Windows System Engineer Service,https://carriere.itsgroup.fr/3444/detail_annonce.php,Bruxelles,False,2026-03-09,2026-03-17,True
itsgroup,incident Manager,https://carriere.itsgroup.fr/3331/detail_annonce.php,Guyancourt,False,2026-02-09,2026-03-17,True
itsgroup,ingénieur DevOps,https://carriere.itsgroup.fr/2965/detail_annonce.php,Guyancourt,False,2025-09-01,2026-03-17,True
itsgroup,ingénieur Développement Kubernetes,https://carriere.itsgroup.fr/3142/detail_annonce.php,Paris,False,2026-01-30,2026-03-17,True
itsgroup,ingénieur Réseaux et Sécurité H/F,https://carriere.itsgroup.fr/2782/detail_annonce.php,Guyancourt,False,2025-10-10,2026-03-17,True
itsgroup,ingénieur Réseaux et Sécurité H/F,https://carriere.itsgroup.fr/3388/detail_annonce.php,Noisiel,False,2026-02-26,2026-03-17,True
itsgroup,ingénieur SysOps,https://carriere.itsgroup.fr/2951/detail_annonce.php,Guyancourt,False,2025-09-01,2026-03-17,True
itsgroup,ingénieur de Production DevOps H/F,https://carriere.itsgroup.fr/2497/detail_annonce.php,Montreuil,False,2026-02-25,2026-03-17,True
itsgroup,ingénieur de Production DevOps H/F,https://carriere.itsgroup.fr/3325/detail_annonce.php,Montreuil,False,2026-02-02,2026-03-17,True
logi_technic,Automation Engineer,https://www.logi-technic.be/job/a0wTd0000006UsCIAU/automation-engineer-25199/,,False,2026-03-10,2026-03-10,True
logitechnic,Automation Engineer,https://www.logi-technic.be/job/a0wTd0000006UsCIAU/automation-engineer-25199/,,False,2026-03-10,2026-03-10,False
logitechnic,Automation Engineer,https://www.logi-technic.be/job/a0wTd0000006UsCIAU/automation-engineer-25366/,,False,2026-03-12,2026-03-17,True
meatandmore,Data Analytics Engineer,https://www.meatandmore.be/nl/vacatures/data-analytics-engineer,,False,2026-03-11,2026-03-11,False
meatandmore,IT Service Desk Engineer,https://www.meatandmore.be/nl/vacatures/it-service-desk-engineer,,False,2026-03-11,2026-03-11,False
meatandmore,IT Teamleader Operations & Logistics,https://www.meatandmore.be/nl/vacatures/it-teamleader-operations-logistics,,False,2026-03-11,2026-03-11,False
meatandmore,Junior Data Analytics Engineer,https://www.meatandmore.be/nl/vacatures/junior-data-analytics-engineer,,False,2026-03-11,2026-03-11,False
meatandmore,Reinigingsmedewerker (Late ploeg),https://www.meatandmore.be/nl/vacatures/reinigingsmedewerker-late-ploeg,Oost-Vlaanderen,False,2026-03-17,2026-03-17,True
meatandmore,Senior Software Developer,https://www.meatandmore.be/nl/vacatures/senior-software-developer,,False,2026-03-11,2026-03-11,False
meatandmore,Stage Artificial Intelligence bij Meat&More,https://www.meatandmore.be/nl/vacatures/stage-artificial-intelligence-bij-meatmore,,False,2026-03-11,2026-03-11,False
meatandmore,"Stage bij Meat&More, Buurtslagers of Bon'Ap",https://www.meatandmore.be/nl/vacatures/stage-bij-meatmore-buurtslagers-bonap,,False,2026-03-11,2026-03-11,False
meatandmore,Stage engineering & infrastructure bij Meat&More,https://www.meatandmore.be/nl/vacatures/stage-engineering-infrastructure-bij-meatmore,,False,2026-03-11,2026-03-11,False
meatandmore,Stage rond IT bij Meat&More,https://www.meatandmore.be/nl/vacatures/stage-rond-it-bij-meatmore,,False,2026-03-11,2026-03-11,False
meatandmore,System Engineer,https://www.meatandmore.be/nl/vacatures/system-engineer,,False,2026-03-11,2026-03-11,False
oost_vlaanderen,Beleidsmedewerker data en analyse bij dienst Data,https://oost-vlaanderen.be/vacatures-provincie-oost-vlaanderen/alle-vacatures/beleidsmedewerker-data-en-analyse-bij-dienst-data.html,Gent,False,2026-03-17,2026-03-17,True
oost_vlaanderen,Directeur bij directie Ondernemen & Europa,https://oost-vlaanderen.be/vacatures-provincie-oost-vlaanderen/alle-vacatures/directeur-bij-directie-ondernemen-en-europa.html,Gent,False,2026-03-17,2026-03-17,True
planetgroup_itplanet,.NET Developer,https://it-planet.be/2026/02/17/net-developer-gent/,Oost-Vlaanderen,False,2026-02-17,2026-03-16,True
planetgroup_itplanet,.NET Developer,https://it-planet.be/2026/03/13/net-developer-brussel/,Brussel,False,2026-03-13,2026-03-16,True
planetgroup_itplanet,.NET Developer,https://it-planet.be/2026/03/16/net-developer-antwerpen/,Antwerpen,False,2026-03-16,2026-03-16,True
planetgroup_itplanet,AI Automation Analyst / Architect,https://it-planet.be/2026/03/09/ai-automation-analyst-architect-gent/,Oost-Vlaanderen,False,2026-03-09,2026-03-16,True
planetgroup_itplanet,AI Automation Engineer,https://it-planet.be/2026/03/09/ai-automation-engineer-gent/,Oost-Vlaanderen,False,2026-03-09,2026-03-16,True
planetgroup_itplanet,Azure Cloud Technical Analyst,https://it-planet.be/2026/03/04/azure-cloud-technical-analyst-berchem/,Antwerpen,False,2026-03-04,2026-03-16,True
planetgroup_itplanet,Azure Data Architect,https://it-planet.be/2026/03/10/azure-data-architect-gent/,Oost-Vlaanderen,False,2026-03-10,2026-03-16,True
planetgroup_itplanet,Business Analist,https://it-planet.be/2026/03/11/business-analist-berchem/,Antwerpen,False,2026-03-11,2026-03-16,True
planetgroup_itplanet,Business Functioneel Analist,https://it-planet.be/2026/03/16/business-functioneel-analist-antwerpen/,Antwerpen,False,2026-03-16,2026-03-16,True
planetgroup_itplanet,Functioneel Analist Hard Facilities/Exploitatie,https://it-planet.be/2026/03/10/functioneel-analist-hard-facilities-exploitatie-brussel/,Brussel,False,2026-03-10,2026-03-16,True
planetgroup_itplanet,Java Developer,https://it-planet.be/2026/03/03/java-developer-leuven/,Vlaams-Brabant,False,2026-03-03,2026-03-16,True
planetgroup_itplanet,Product Owner,https://it-planet.be/2026/02/19/product-owner-brussel/,Brussel,False,2026-02-19,2026-03-16,True
planetgroup_itplanet,Product Owner,https://it-planet.be/2026/02/20/product-owner-west-vlaanderen/,West-Vlaanderen,False,2026-02-20,2026-03-16,True
planetgroup_itplanet,Product Owner,https://it-planet.be/2026/03/09/product-owner-antwerpen/,Antwerpen,False,2026-03-09,2026-03-16,True
planetgroup_itplanet,Project Office Analyst – Sint-Joost,https://it-planet.be/2026/03/06/project-office-analyst-sint-joost-ten-node/,Brussel,False,2026-03-06,2026-03-16,True
planetgroup_itplanet,Projectleider,https://it-planet.be/2026/03/13/projectleider-antwerpen/,Oost-Vlaanderen,False,2026-03-13,2026-03-16,True
planetgroup_itplanet,Projectmanager Change,https://it-planet.be/2026/03/11/projectmanager-change-antwerpen/,Antwerpen,False,2026-03-11,2026-03-16,True
planetgroup_itplanet,SAP FI Consultant,https://it-planet.be/2026/02/16/sap-fi-consultant-gent/,Oost-Vlaanderen,False,2026-02-16,2026-03-16,True
planetgroup_itplanet,SAP MDG Consultant,https://it-planet.be/2026/02/16/sap-mdg-consultant-gent/,Oost-Vlaanderen,False,2026-02-16,2026-03-16,True
planetgroup_itplanet,SAP MM/VIM Consultant,https://it-planet.be/2026/02/16/sap-mm-vim-consultant-gent/,Oost-Vlaanderen,False,2026-02-16,2026-03-16,True
planetgroup_itplanet,SAP MM/VIM/MDG Developer,https://it-planet.be/2026/02/16/sap-mm-vim-mdg-developer-gent/,Oost-Vlaanderen,False,2026-02-16,2026-03-16,True
planetgroup_itplanet,SAS Data Analist,https://it-planet.be/2026/02/24/sas-data-analist-antwerpen/,Antwerpen,False,2026-02-24,2026-03-16,True
planetgroup_itplanet,Senior Business Analist,https://it-planet.be/2026/03/10/senior-business-analist-brussel/,Antwerpen,False,2026-03-10,2026-03-16,True
planetgroup_itplanet,Software Test Engineer,https://it-planet.be/2026/03/03/software-test-engineer-gent/,Oost-Vlaanderen,False,2026-03-03,2026-03-16,True
planetgroup_itplanet,Solution Analyst,https://it-planet.be/2026/03/11/solution-analyst-lille/,Antwerpen,False,2026-03-11,2026-03-16,True
planetgroup_itplanet,Solution Architect,https://it-planet.be/2026/02/10/solution-architect-schaarbeek/,Brussel,False,2026-02-10,2026-03-16,True
planetgroup_itplanet,Technical Architect,https://it-planet.be/2026/02/02/technical-architect-brussel/,Brussel,False,2026-02-02,2026-03-16,True
planetgroup_itplanet,Technical Lead,https://it-planet.be/2026/02/19/technical-lead-west-vlaanderen/,West-Vlaanderen,False,2026-02-19,2026-03-16,True
planetgroup_itplanet,Test Automation Engineer,https://it-planet.be/2026/03/06/test-automation-engineer-brussel/,Brussel,False,2026-03-06,2026-03-16,True
planetgroup_itplanet,Web Developer,https://it-planet.be/2026/03/04/web-developer-gent/,Oost-Vlaanderen,False,2026-03-04,2026-03-16,True
planetgroup_itplanet,iOS Developer,https://it-planet.be/2026/02/23/ios-developer-leuven/,Vlaams-Brabant,False,2026-02-23,2026-03-16,True
planetgroup_solidtalent,All-round Technicus Electrisch,https://jobs.solid-talent.be/solidsite/all-round-technicus-electrisch-zelzate/,,False,2026-02-02,2026-03-10,True
planetgroup_solidtalent,Hardware Engineer E-Plan,https://jobs.solid-talent.be/solidsite/hardware-engineer-e-plan-mol/,,False,2026-02-19,2026-03-10,True
planetgroup_solidtalent,Junior Network Administrator,https://jobs.solid-talent.be/solidsite/junior-network-administrator-lillo/,,False,2026-01-18,2026-03-10,True
planetgroup_solidtalent,Project Controller,https://jobs.solid-talent.be/solidsite/project-controller-antwerpen/,,False,2026-02-04,2026-03-10,True
planetgroup_solidtalent,Projectcoördinator,https://jobs.solid-talent.be/solidsite/projectcoordinator-mechanische-installaties-mol/,,False,2026-02-24,2026-03-10,True
planetgroup_solidtalent,Projectcoördinator- Automatisatie,https://jobs.solid-talent.be/solidsite/projectcoordinator-automatisatie-mol/,,False,2026-03-04,2026-03-10,True
planetgroup_solidtalent,Projectleider Infrastructuur,https://jobs.solid-talent.be/solidsite/projectleider-infrastructuur-antwerpen/,,False,2026-03-02,2026-03-10,True
projinit,IT-Recruiter (freelance department),https://www.projinit.com/vacatures/it-recruiter-freelance-department,Oost-Vlaanderen,False,2026-03-10,2026-03-17,True
signpost,(Freelance) Analytics Engineer,https://signpost.be/nl-be/jobs/nl-freelance-analytics-engineer-2476316,,False,2026-03-10,2026-03-17,True
signpost,Digital Marketing Officer,https://signpost.be/nl-be/jobs/nl-digital-marketing-officer-2-2341611,,False,2026-03-10,2026-03-17,True
signpost,Field Service Technician - wervingsreserve,https://signpost.be/nl-be/jobs/nl-field-service-technician-wervingsreserve-2043125,,False,2026-03-10,2026-03-17,True
signpost,Freelance Hardware Technician,https://signpost.be/nl-be/jobs/nl-field-service-technician-wervingsreserve-2-2126386,,False,2026-03-10,2026-03-17,True
signpost,Stagestudent,https://signpost.be/nl-be/jobs/nl-stagestudent-1-2043079,,False,2026-03-10,2026-03-17,True
signpost,Trainer @ Fourcast,https://signpost.be/nl-be/jobs/nl-trainer-fourcast-2043435,,False,2026-03-10,2026-03-17,True
simac,Consultant,https://jobssimac.be/cvw-vacancies/consultant/,Heverlee,False,2026-03-10,2026-03-17,True
simac,Internship 2025-2026: R&D of a Custom API for monitoring a Kubernetes/Docker environment,https://jobssimac.be/cvw-vacancies/internship-2025-2026-rd-of-a-custom-api-for-monitoring-a-kubernetes-docker-environment/,Heverlee,False,2026-03-10,2026-03-17,True
simac,Internship 2025-2026: R&D of a monitoring solution for a Microsoft Azure environment,https://jobssimac.be/cvw-vacancies/internship-2025-2026-rd-of-a-monitoring-solution-for-a-microsoft-azure-environment/,Heverlee,False,2026-03-10,2026-03-17,True
simac,Network Security Engineer,https://jobssimac.be/cvw-vacancies/network-security-engineer/,Heverlee,False,2026-03-10,2026-03-17,True
simac,Operations Manager,https://jobssimac.be/cvw-vacancies/operations-manager/,Heverlee,False,2026-03-10,2026-03-17,True
simac,Technical Lead Network & Security,https://jobssimac.be/cvw-vacancies/technical-lead-network-security/,Heverlee,False,2026-03-10,2026-03-17,True
solidaris,Architect (NIC),https://jobs.solidaris-vlaanderen.be/vacatures/architect-nic,Brussel - Rogierplein,False,2026-03-10,2026-03-17,True
solidaris,Business Analist,https://jobs.solidaris-vlaanderen.be/vacatures/business-analist,Brussel,False,2026-03-10,2026-03-17,True
solidaris,Coördinator Speelpleinwerking en Jeugdverblijfcentrum,https://jobs.solidaris-vlaanderen.be/vacatures/coordinator-speelpleinwerking-en-jeugdverblijfcentrum,Mechelen,False,2026-03-17,2026-03-17,True
solidaris,Data Engineer,https://jobs.solidaris-vlaanderen.be/vacatures/data-engineer,Brussel,False,2026-03-10,2026-03-17,True
solidaris,Functioneel analist,https://jobs.solidaris-vlaanderen.be/vacatures/functioneel-analist,Brussel,False,2026-03-10,2026-03-17,True
solidaris,Mainframe System Engineer,https://jobs.solidaris-vlaanderen.be/vacatures/mainframe-system-engineer,Brussel,False,2026-03-10,2026-03-17,True
solidaris,Manager Infrastructuur & Operations,https://jobs.solidaris-vlaanderen.be/vacatures/manager-infrastructuur-operations,Brussel,False,2026-03-10,2026-03-17,True
solidaris,Middleware Engineer Datapower,https://jobs.solidaris-vlaanderen.be/vacatures/middleware-engineer-datapower,,False,2026-03-10,2026-03-10,False
solidaris,Product Owner,https://jobs.solidaris-vlaanderen.be/vacatures/product-owner,Brussel,False,2026-03-10,2026-03-17,True
solidaris,Technisch Specialist (NIC),https://jobs.solidaris-vlaanderen.be/vacatures/technisch-specialist-nic,Brussel - Rogierplein,False,2026-03-10,2026-03-17,True
solidaris,Zelfstandig psychologen,https://jobs.solidaris-vlaanderen.be/vacatures/zelfstandig-psychologen,"regio Beveren, Geraardsbergen, Lokeren, Sint-Niklaas, Temse, Wetteren",False,2026-03-10,2026-03-17,True
solidaris,Ziekenfondsconsulent Noord Limburg,https://jobs.solidaris-vlaanderen.be/vacatures/ziekenfondsconsulent-noord-limburg,Noord Limburg,False,2026-03-10,2026-03-17,True
solidaris,Ziekenfondsconsulent Team Antwerpen Centrum,https://jobs.solidaris-vlaanderen.be/vacatures/ziekenfondsconsulent-team-antwerpen-centrum,Antwerpen en Berchem,False,2026-03-10,2026-03-17,True
solidaris,Ziekenfondsconsulent regio Ronse,https://jobs.solidaris-vlaanderen.be/vacatures/ziekenfondsconsulent-regio-ronse,Ronse,False,2026-03-10,2026-03-17,True
solidaris,Ziekenfondsconsulent team Antwerpen-Zuid,https://jobs.solidaris-vlaanderen.be/vacatures/ziekenfondsconsulent-team-antwerpen-zuid,"Wilrijk, Antwerpen Kiel en Hoboken",False,2026-03-10,2026-03-17,True
splendit,.NET Developer (Front-End/Back-End/Full Stack),http://splenditnet.webhosting.be/nl/onze-vacatures/.net-developer-front-end-back-end-full-stack,Gent,False,2026-03-17,2026-03-17,True
splendit,1st Line Support Engineer,http://splenditnet.webhosting.be/nl/onze-vacatures/1st-line-support-engineer-42654878,Brussel,False,2026-03-17,2026-03-17,True
splendit,2nd Line Support Engineer,http://splenditnet.webhosting.be/nl/onze-vacatures/2nd-line-support-engineer,Brussel,False,2026-03-17,2026-03-17,True
splendit,Change Manager,http://splenditnet.webhosting.be/nl/onze-vacatures/change-manager-09961,Gent,False,2026-03-17,2026-03-17,True
splendit,Cloud Architect,http://splenditnet.webhosting.be/nl/onze-vacatures/cloud-architect,Brussel,False,2026-03-17,2026-03-17,True
splendit,Database Administrator,http://splenditnet.webhosting.be/nl/onze-vacatures/database-administrator-09962,Brussel,False,2026-03-17,2026-03-17,True
splendit,DevOps,http://splenditnet.webhosting.be/nl/onze-vacatures/devops,Brussel,False,2026-03-17,2026-03-17,True
splendit,Full Stack Java Developer,http://splenditnet.webhosting.be/nl/onze-vacatures/full-stack-java-developer,Brussel,False,2026-03-17,2026-03-17,True
splendit,Functional Analyst,http://splenditnet.webhosting.be/nl/onze-vacatures/functional-analyst,Brussel,False,2026-03-17,2026-03-17,True
splendit,Incident Manager,http://splenditnet.webhosting.be/nl/onze-vacatures/incident-manager-09963,Gent,False,2026-03-17,2026-03-17,True
splendit,Infrastructuur Architect,http://splenditnet.webhosting.be/nl/onze-vacatures/infrastructuur-architect,Brussel,False,2026-03-17,2026-03-17,True
splendit,Network Engineer,http://splenditnet.webhosting.be/nl/onze-vacatures/network-engineer,Gent,False,2026-03-17,2026-03-17,True
splendit,Problem Manager,http://splenditnet.webhosting.be/nl/onze-vacatures/problem-manager-09964,Brussel,False,2026-03-17,2026-03-17,True
splendit,Process Consultant,http://splenditnet.webhosting.be/nl/onze-vacatures/process-consultant-09965,Gent,False,2026-03-17,2026-03-17,True
splendit,Program Manager,http://splenditnet.webhosting.be/nl/onze-vacatures/program-manager,Brussel,False,2026-03-17,2026-03-17,True
splendit,Project Management Officer,http://splenditnet.webhosting.be/nl/onze-vacatures/project-management-officer,Brussel,False,2026-03-17,2026-03-17,True
splendit,Scrum Master,http://splenditnet.webhosting.be/nl/onze-vacatures/scrum-master,Brussel,False,2026-03-17,2026-03-17,True
splendit,Security Engineer,http://splenditnet.webhosting.be/nl/onze-vacatures/security-engineer,Brussel,False,2026-03-17,2026-03-17,True
splendit,System Administrator,http://splenditnet.webhosting.be/nl/onze-vacatures/system-administrator,Brussel,False,2026-03-17,2026-03-17,True
splendit,Team Leader,http://splenditnet.webhosting.be/nl/onze-vacatures/team-leader,Brussel,False,2026-03-17,2026-03-17,True
splendit,Technische Recruiter M/V,http://splenditnet.webhosting.be/nl/onze-vacatures/technische-recruiter-m-v,Brussel,False,2026-03-17,2026-03-17,True
splendit,Tester,http://splenditnet.webhosting.be/nl/onze-vacatures/tester,Brussel,False,2026-03-17,2026-03-17,True
taborgroep,Teamcoach leefgroepenwerking jongeren,https://www.taborgroep.be/nl/vacature/teamcoach-leefgroepenwerking-jongeren,,False,2026-03-17,2026-03-17,True
talencia,.NET Front-End Developer,https://www.talencia.be/jobs/net-front-end-developer/,Walloon Brabant,False,2026-03-11,2026-03-17,True
talencia,.NET Software Engineer,https://www.talencia.be/jobs/net-software-engineer/,Brussels,False,2026-03-11,2026-03-17,True
talencia,.Net Developer,https://www.talencia.be/jobs/net-developer-2/,Brussels,False,2026-03-11,2026-03-17,True
talencia,.Net Developer,https://www.talencia.be/jobs/net-developer-3-2/,Brussels,False,2026-03-11,2026-03-17,True
talencia,.Net Developer,https://www.talencia.be/jobs/net-developer-3/,Brussels,False,2026-03-11,2026-03-17,True
talencia,.Net Developer,https://www.talencia.be/jobs/net-developer/,Brussels,False,2026-03-11,2026-03-17,True
talencia,.Net Developer,https://www.talencia.be/jobs/net_developer_3/,Walloon Region,False,2026-03-11,2026-03-17,True
talencia,.Net Développeur,https://www.talencia.be/jobs/net-developpeur-2-2/,Walloon Region,False,2026-03-11,2026-03-17,True
talencia,1st and 2nd line Support Engineer,https://www.talencia.be/jobs/1st-and-2nd-line-support-engineer/,Flemish Region,False,2026-03-11,2026-03-17,True
talencia,API & Back-End Developer,https://www.talencia.be/jobs/api-back-end-developer/,Brussels,False,2026-03-11,2026-03-17,True
talencia,Agile Coach,https://www.talencia.be/jobs/agile-coach/,"Antwerp, Brussels, Flemish Region",False,2026-03-11,2026-03-17,True
talencia,Android Developer,https://www.talencia.be/jobs/android-developer/,Brussels,False,2026-03-11,2026-03-17,True
talencia,Android developer,https://www.talencia.be/jobs/android-developer-2/,Brussels,False,2026-03-11,2026-03-17,True
talencia,Automation Engineer,https://www.talencia.be/jobs/automation-engineer/,Flemish Region,False,2026-03-11,2026-03-17,True
talencia,BI developer,https://www.talencia.be/jobs/bi-developer/,Brussels,False,2026-03-11,2026-03-17,True
talencia,Business Intelligence Analyst,https://www.talencia.be/jobs/business-intelligence-analyst/,Walloon Brabant,False,2026-03-11,2026-03-17,True
talencia,C++ software developer,https://www.talencia.be/jobs/c-software-developer/,,False,2026-03-11,2026-03-17,True
talencia,Capacity Manager,https://www.talencia.be/jobs/capacity-manager/,Brussels,False,2026-03-11,2026-03-17,True
talencia,Cloud Engineer,https://www.talencia.be/jobs/cloud-engineer/,,False,2026-03-11,2026-03-17,True
talencia,Cloud data engineer,https://www.talencia.be/jobs/cloud-data-engineer/,,False,2026-03-11,2026-03-17,True
talencia,Coach .Net Developer,https://www.talencia.be/jobs/coach-net-developer/,Antwerp,False,2026-03-11,2026-03-17,True
talencia,Data Architect,https://www.talencia.be/jobs/data-architect/,Liege,False,2026-03-11,2026-03-17,True
talencia,DevOps Engineer,https://www.talencia.be/jobs/devops-engineer/,Brussels,False,2026-03-11,2026-03-17,True
talencia,Developer/Test Engineer,https://www.talencia.be/jobs/developer-test-engineer/,Hainaut,False,2026-03-11,2026-03-17,True
talencia,EDI Specialist,https://www.talencia.be/jobs/edi-specialist/,Hainaut,False,2026-03-11,2026-03-17,True
talencia,Enterprise Architect,https://www.talencia.be/jobs/enterprise-architect-2/,Brussels,False,2026-03-11,2026-03-17,True
talencia,Enterprise Architect,https://www.talencia.be/jobs/enterprise-architect/,Brussels,False,2026-03-11,2026-03-17,True
talencia,Frontend Developer,https://www.talencia.be/jobs/frontend-developer/,Flemish Region,False,2026-03-11,2026-03-17,True
talencia,Full-Stack IOT Developer,https://www.talencia.be/jobs/full-stack-iot-developer/,Flemish Region,False,2026-03-11,2026-03-17,True
talencia,Functional Analyst,https://www.talencia.be/jobs/functional-analyst-2/,Brussels,False,2026-03-11,2026-03-17,True
talencia,Functional Team Lead Service Desk,https://www.talencia.be/jobs/functional-team-lead-service-desk/,Walloon Brabant,False,2026-03-11,2026-03-17,True
talencia,Functional analyst Mainframe,https://www.talencia.be/jobs/functional-analyst-mainframe/,,False,2026-03-11,2026-03-17,True
talencia,Helpdesk L2,https://www.talencia.be/jobs/helpdesk-l2/,Liege,False,2026-03-11,2026-03-17,True
talencia,IT Access Management Officer,https://www.talencia.be/jobs/it-access-management-offic/,Brussels,False,2026-03-11,2026-03-17,True
talencia,IT Collaborator,https://www.talencia.be/jobs/it-collaborator/,Walloon Brabant,False,2026-03-11,2026-03-17,True
talencia,IT Retail Application Specialist,https://www.talencia.be/jobs/it-retail-application-specialist/,Flemish Region,False,2026-03-11,2026-03-17,True
talencia,IT Security Architect,https://www.talencia.be/jobs/it-security-architect/,"Brussels, Flemish Region",False,2026-03-11,2026-03-17,True
talencia,IT Support Coach for Mac User,https://www.talencia.be/jobs/it-support-coach-for-mac-user/,Flemish Region,False,2026-03-11,2026-03-17,True
talencia,IT Support Regional Manager,https://www.talencia.be/jobs/it-support-regional-manager/,Abroad,False,2026-03-11,2026-03-17,True
talencia,Java Developer,https://www.talencia.be/jobs/java-developer-2/,Brussels,False,2026-03-11,2026-03-17,True
talencia,Java Developer,https://www.talencia.be/jobs/java-developer/,Brussels,False,2026-03-11,2026-03-17,True
talencia,Java software engineer,https://www.talencia.be/jobs/java-software-engineer/,,False,2026-03-11,2026-03-17,True
talencia,Junior IT Helpdesk,https://www.talencia.be/jobs/junior-it-helpdesk/,Brussels,False,2026-03-11,2026-03-17,True
talencia,Junior Java Developer,https://www.talencia.be/jobs/junior-java-developer-2/,Brussels,False,2026-03-11,2026-03-17,True
talencia,Junior Java Developer,https://www.talencia.be/jobs/junior-java-developer/,Brussels,False,2026-03-11,2026-03-17,True
talencia,Linux expert,https://www.talencia.be/jobs/linux-expert/,Liege,False,2026-03-11,2026-03-17,True
talencia,Mainframe Cobol PL/1 analyst/developer,https://www.talencia.be/jobs/mainframe-cobol-pl-1-analyst-developer/,Brussels,False,2026-03-11,2026-03-17,True
talencia,Network Architect,https://www.talencia.be/jobs/network-architect/,"Flemish Brabant, Flemish Region",False,2026-03-11,2026-03-17,True
talencia,Network Engineer,https://www.talencia.be/jobs/network-engineer/,Brussels,False,2026-03-11,2026-03-17,True
talencia,PHP Developer,https://www.talencia.be/jobs/php-developer/,Walloon Brabant,False,2026-03-11,2026-03-17,True
talencia,PHP and JavaScript developer,https://www.talencia.be/jobs/php-and-javascript-developer/,Brussels,False,2026-03-11,2026-03-17,True
talencia,Product Owner – Product Development,https://www.talencia.be/jobs/product-owner-product-development/,Brussels,False,2026-03-11,2026-03-17,True
talencia,Program Manager,https://www.talencia.be/jobs/program-manager/,Brussels,False,2026-03-11,2026-03-17,True
talencia,Python developer,https://www.talencia.be/jobs/python-developer/,Antwerp,False,2026-03-11,2026-03-17,True
talencia,Radio Access Network Expert,https://www.talencia.be/jobs/radio-access-network-expert/,Brussels,False,2026-03-11,2026-03-17,True
talencia,Salesforce Analyst Developer,https://www.talencia.be/jobs/salesforce-analyst-developer/,,False,2026-03-11,2026-03-17,True
talencia,Second line support engineer,https://www.talencia.be/jobs/second-line-support-engineer/,Hainaut,False,2026-03-11,2026-03-17,True
talencia,Senior .NET Back-End or Fullstack Developer,https://www.talencia.be/jobs/senior-net-back-end-or-fullstack-developer/,Walloon Brabant,False,2026-03-11,2026-03-17,True
talencia,Senior 2/3 Line Support Engineer,https://www.talencia.be/jobs/senior-2-3-line-support-engineer/,Brussels,False,2026-03-11,2026-03-17,True
talencia,Senior Angular/.NET Developer,https://www.talencia.be/jobs/senior-angular-net-developer/,Antwerp,False,2026-03-11,2026-03-17,True
talencia,Senior Java Developer,https://www.talencia.be/jobs/senior-java-developer-2/,Namur,False,2026-03-11,2026-03-17,True
talencia,Senior Java Developer,https://www.talencia.be/jobs/senior-java-developer-3/,Brussels,False,2026-03-11,2026-03-17,True
talencia,Senior Java Developer,https://www.talencia.be/jobs/senior-java-developer/,Brussels,False,2026-03-11,2026-03-17,True
talencia,Senior Java Fullstack Developer,https://www.talencia.be/jobs/senior-java-fullstack-developer/,,False,2026-03-11,2026-03-17,True
talencia,Senior Service Desk Agent,https://www.talencia.be/jobs/senior-service-desk-agent/,Brussels,False,2026-03-11,2026-03-17,True
talencia,Senior System Engineer,https://www.talencia.be/jobs/senior-system-engineer/,Walloon Brabant,False,2026-03-11,2026-03-17,True
talencia,Senior System Engineer on Linux,https://www.talencia.be/jobs/senior-system-engineer-on-linux/,,False,2026-03-11,2026-03-17,True
talencia,Service Desk Agent,https://www.talencia.be/jobs/service-desk-agent/,Brussels,False,2026-03-11,2026-03-17,True
talencia,Software Tester,https://www.talencia.be/jobs/software-tester/,Walloon Brabant,False,2026-03-11,2026-03-17,True
talencia,Solution & Middleware Architect,https://www.talencia.be/jobs/solution-middleware-architect/,Namur,False,2026-03-11,2026-03-17,True
talencia,Solution Architect,https://www.talencia.be/jobs/solution-architect/,Brussels,False,2026-03-11,2026-03-17,True
talencia,Specialist M365,https://www.talencia.be/jobs/specialist-m365/,,False,2026-03-11,2026-03-17,True
talencia,Support Engineer,https://www.talencia.be/jobs/support-engineer-2/,Liege,False,2026-03-11,2026-03-17,True
talencia,Support Engineer,https://www.talencia.be/jobs/support-engineer-3/,,False,2026-03-11,2026-03-17,True
talencia,Support Engineer,https://www.talencia.be/jobs/support-engineer/,"Antwerp, Liege",False,2026-03-11,2026-03-17,True
talencia,Support Network Engineer,https://www.talencia.be/jobs/support-network-engineer/,Brussels,False,2026-03-11,2026-03-17,True
talencia,System Administrator/Access Management Officer,https://www.talencia.be/jobs/system-administrator-access-management-officer/,Walloon Region,False,2026-03-11,2026-03-17,True
talencia,System Administrator/Engineer,https://www.talencia.be/jobs/system-administrator-engineer/,,False,2026-03-11,2026-03-17,True
talencia,System Engineer,https://www.talencia.be/jobs/system-engineer/,"Brussels, Flemish Region",False,2026-03-11,2026-03-17,True
talencia,System Engineer / System Admninistrator,https://www.talencia.be/jobs/system-engineer-system-admninistrator/,Brussels,False,2026-03-11,2026-03-17,True
talencia,System Engineer Devops/Linux,https://www.talencia.be/jobs/system-engineer-devops-linux/,Brussels,False,2026-03-11,2026-03-17,True
talencia,System Integration Test Engineer,https://www.talencia.be/jobs/system-integration-test-engineer/,Brussels,False,2026-03-11,2026-03-17,True
talencia,Test Engineer,https://www.talencia.be/jobs/test-engineer/,Brussels,False,2026-03-11,2026-03-17,True
talencia,Test Engineer embedded and mobile Software,https://www.talencia.be/jobs/test-engineer-embedded-and-mobile-software/,Flemish Region,False,2026-03-11,2026-03-17,True
talencia,Web Developer,https://www.talencia.be/jobs/web-developer-2/,Brussels,False,2026-03-11,2026-03-17,True
talencia,Web Developer,https://www.talencia.be/jobs/web-developer/,Brussels,False,2026-03-11,2026-03-17,True
televic,Head of IT At televic Rail,https://careers.televic.com/jobs/rail/head-of-it/,,False,2026-03-11,2026-03-11,True
televic,Senior Java Developer At televic Rail,https://careers.televic.com/jobs/rail/senior-java-developer/,,False,2026-03-11,2026-03-11,True
uilenspel,Data-kapitein (m/v/x),https://www.giveaday.eu/nl-be/vrijwilligerswerk/data-kapitein-m-v-x/66329,,False,2026-03-10,2026-03-10,True
upgrade_estate,IT Support Engineer,https://jobs.upgrade-estate.be/nl/it-support,,False,2026-03-10,2026-03-10,True
vdk,BI Analist / Ontwikkelaar,https://www.vdk.be/nl/overzicht-vacatures/bi-analist-ontwikkelaar,,False,2026-03-10,2026-03-10,True
vdk,Cross-platform mobile full stack developer .NET (medior),https://www.vdk.be/nl/overzicht-vacatures/cross-platform-mobile-full-stack-developer-net-medior,,False,2026-03-10,2026-03-10,True
vdk,Head of IT Security,https://www.vdk.be/nl/overzicht-vacatures/head-it-security,,False,2026-03-10,2026-03-10,True
vdk,Systeembeheerder,https://www.vdk.be/nl/overzicht-vacatures/systeembeheerder,,False,2026-03-10,2026-03-10,True
